<?xml version="1.0" encoding="UTF-8"?>
<project-private xmlns="http://www.netbeans.org/ns/project-private/1">
    <editor-bookmarks xmlns="http://www.netbeans.org/ns/editor-bookmarks/1"/>
    <editor-bookmarks xmlns="http://www.netbeans.org/ns/editor-bookmarks/2" lastBookmarkId="0"/>
    <open-files xmlns="http://www.netbeans.org/ns/projectui-open-files/2">
        <group>
            <file>file:/H:/Docencia/Material_Moduls/M5_ED/UF2/NF1_Disseny_i_realitzacio_de_proves/exercicis/exercicis_aillament_test_unitari/enunciat_base/src/DemoPrograma.java</file>
            <file>file:/H:/Docencia/Material_Moduls/M5_ED/UF2/NF1_Disseny_i_realitzacio_de_proves/exercicis/exercicis_aillament_test_unitari/enunciat_base/src/projecte/bd/GestorConnexions.java</file>
            <file>file:/H:/Docencia/Material_Moduls/M5_ED/UF2/NF1_Disseny_i_realitzacio_de_proves/exercicis/exercicis_aillament_test_unitari/enunciat_base/src/projecte/model/Compra.java</file>
            <file>file:/H:/Docencia/Material_Moduls/M5_ED/UF2/NF1_Disseny_i_realitzacio_de_proves/exercicis/exercicis_aillament_test_unitari/enunciat_base/src/projecte/bd/ProducteBD.java</file>
            <file>file:/H:/Docencia/Material_Moduls/M5_ED/UF2/NF1_Disseny_i_realitzacio_de_proves/exercicis/exercicis_aillament_test_unitari/enunciat_base/src/projecte/model/Producte.java</file>
        </group>
    </open-files>
</project-private>
