<?xml version="1.0" encoding="UTF-8"?>
<project-private xmlns="http://www.netbeans.org/ns/project-private/1">
    <editor-bookmarks xmlns="http://www.netbeans.org/ns/editor-bookmarks/2" lastBookmarkId="0"/>
    <open-files xmlns="http://www.netbeans.org/ns/projectui-open-files/2">
        <group>
            <file>file:/C:/Users/BERNAT/Desktop/FTP/ED/UF1/Ant/exercicis_ant/SolucioExamen1516/AppWindReportingTool/data/catalunya.txt</file>
            <file>file:/C:/Users/BERNAT/Desktop/FTP/ED/UF1/Ant/exercicis_ant/SolucioExamen1516/AppWindReportingTool/build.xml</file>
            <file>file:/C:/Users/BERNAT/Desktop/FTP/ED/UF1/Ant/exercicis_ant/SolucioExamen1516/AppWindReportingTool/ftp.config</file>
            <file>file:/C:/Users/BERNAT/Desktop/FTP/ED/UF1/Ant/exercicis_ant/SolucioExamen1516/AppWindReportingTool/nbproject/project.properties</file>
            <file>file:/C:/Users/BERNAT/Desktop/FTP/ED/UF1/Ant/exercicis_ant/SolucioExamen1516/AppWindReportingTool/src/windreportingtool/WindReportingTool.java</file>
        </group>
    </open-files>
</project-private>
