<?xml version="1.0" encoding="UTF-8"?>
<project-private xmlns="http://www.netbeans.org/ns/project-private/1">
    <editor-bookmarks xmlns="http://www.netbeans.org/ns/editor-bookmarks/2" lastBookmarkId="0"/>
    <open-files xmlns="http://www.netbeans.org/ns/projectui-open-files/2">
        <group>
            <file>file:/C:/Users/BERNAT/Docencia/Material_Moduls/M5_ED/examens/examens_15_16/EXTRA/UF2.1/ExUD2.1/test/net/iesmila/ed/uf2_2/capsa_negra/PokerTest.java</file>
            <file>file:/C:/Users/BERNAT/Docencia/Material_Moduls/M5_ED/examens/examens_15_16/EXTRA/UF2.1/ExUD2.1/src/net/iesmila/ed/uf2_2/capsa_negra/Poker.java</file>
            <file>file:/C:/Users/BERNAT/Docencia/Material_Moduls/M5_ED/examens/examens_15_16/EXTRA/UF2.1/ExUD2.1/test/net/iesmila/ed/uf2_2/puzzle/NewClass.java</file>
            <file>file:/C:/Users/BERNAT/Docencia/Material_Moduls/M5_ED/examens/examens_15_16/EXTRA/UF2.1/ExUD2.1/src/net/iesmila/ed/uf2_2/capsa_blanca/BuzzlePuzzle.java</file>
            <file>file:/C:/Users/BERNAT/Docencia/Material_Moduls/M5_ED/examens/examens_15_16/EXTRA/UF2.1/ExUD2.1/test/net/iesmila/ed/uf2_2/aillament/InfoCineTest.java</file>
        </group>
    </open-files>
</project-private>
